epoch,time,train/box_loss,train/cls_loss,train/dfl_loss,metrics/precision(B),metrics/recall(B),metrics/mAP50(B),metrics/mAP50-95(B),val/box_loss,val/cls_loss,val/dfl_loss,lr/pg0,lr/pg1,lr/pg2
1,2.78722,1.70016,2.94844,1.63192,0.00667,1,0.46144,0.22863,1.415,2.88492,1.86803,0.000444444,0.000444444,0.000444444
2,5.67396,1.49562,3.02725,1.64239,0.00667,1,0.46144,0.22863,1.415,2.88492,1.86803,0.00108911,0.00108911,0.00108911
3,8.50556,1.49489,2.86166,1.67376,0.00667,1,0.46144,0.22863,1.415,2.88492,1.86803,0.00170738,0.00170738,0.00170738
4,11.3905,1.52838,2.85355,1.55699,0.00667,1,0.46144,0.22863,1.415,2.88492,1.86803,0.0018812,0.0018812,0.0018812
5,14.3479,1.76297,3.16179,1.76146,0.19344,0.25,0.20517,0.04151,3.32283,4.23011,9.07287,0.0018416,0.0018416,0.0018416
6,17.3124,2.18065,4.38795,2.32885,0.19344,0.25,0.20517,0.04151,3.32283,4.23011,9.07287,0.001802,0.001802,0.001802
7,20.3775,2.29324,3.95624,2.12358,0.19344,0.25,0.20517,0.04151,3.32283,4.23011,9.07287,0.0017624,0.0017624,0.0017624
8,23.3462,2.64739,4.99243,2.63265,0.19344,0.25,0.20517,0.04151,3.32283,4.23011,9.07287,0.0017228,0.0017228,0.0017228
9,26.3212,2.8173,5.62381,2.60821,0.19344,0.25,0.20517,0.04151,3.32283,4.23011,9.07287,0.0016832,0.0016832,0.0016832
10,29.4319,2.30412,4.11072,2.333,0.00667,1,0.01785,0.00407,3.17455,3.69061,3.27645,0.0016436,0.0016436,0.0016436
11,32.5224,2.09044,3.25024,2.04058,0.00667,1,0.01785,0.00407,3.17455,3.69061,3.27645,0.001604,0.001604,0.001604
12,35.5735,2.05698,3.30515,2.20111,0.00667,1,0.01785,0.00407,3.17455,3.69061,3.27645,0.0015644,0.0015644,0.0015644
13,38.6821,1.99318,3.03155,2.09374,0.00667,1,0.01785,0.00407,3.17455,3.69061,3.27645,0.0015248,0.0015248,0.0015248
14,41.7191,2.0617,3.20708,2.16017,0.00667,1,0.01785,0.00407,3.17455,3.69061,3.27645,0.0014852,0.0014852,0.0014852
15,44.896,1.74128,2.9135,1.90756,0.00667,1,0.14337,0.05582,1.90677,2.88433,2.37024,0.0014456,0.0014456,0.0014456
16,48.1166,1.98107,3.09211,2.1395,0.00667,1,0.14337,0.05582,1.90677,2.88433,2.37024,0.001406,0.001406,0.001406
17,51.3005,1.77979,3.08513,2.09776,0.00667,1,0.14337,0.05582,1.90677,2.88433,2.37024,0.0013664,0.0013664,0.0013664
18,54.3969,1.84416,2.9657,2.12427,0.00667,1,0.14337,0.05582,1.90677,2.88433,2.37024,0.0013268,0.0013268,0.0013268
19,57.4762,1.72596,2.79542,1.84375,0.00667,1,0.10247,0.04102,1.84855,2.77272,2.01925,0.0012872,0.0012872,0.0012872
20,60.5084,1.70465,2.92775,1.93595,0.00667,1,0.10247,0.04102,1.84855,2.77272,2.01925,0.0012476,0.0012476,0.0012476
21,63.5757,1.67453,2.65349,1.76666,0.00667,1,0.10247,0.04102,1.84855,2.77272,2.01925,0.001208,0.001208,0.001208
22,66.7262,1.53558,2.80278,1.68582,0.00667,1,0.10247,0.04102,1.84855,2.77272,2.01925,0.0011684,0.0011684,0.0011684
23,69.9372,1.66808,2.83608,1.87895,0.00667,1,0.10247,0.04102,1.84855,2.77272,2.01925,0.0011288,0.0011288,0.0011288
24,73.1434,1.39161,2.56618,1.61019,0.81158,0.25,0.37384,0.1576,1.88921,2.64274,2.18477,0.0010892,0.0010892,0.0010892
25,76.2293,1.7437,2.76095,2.04128,0.81158,0.25,0.37384,0.1576,1.88921,2.64274,2.18477,0.0010496,0.0010496,0.0010496
26,79.439,1.91986,2.80194,1.83006,0.81158,0.25,0.37384,0.1576,1.88921,2.64274,2.18477,0.00101,0.00101,0.00101
27,82.6149,1.46071,2.20565,1.50997,0.81158,0.25,0.37384,0.1576,1.88921,2.64274,2.18477,0.0009704,0.0009704,0.0009704
28,85.7864,1.73135,2.62666,1.70018,0.81158,0.25,0.37384,0.1576,1.88921,2.64274,2.18477,0.0009308,0.0009308,0.0009308
29,89.0087,1.52462,2.36642,1.66608,0.48465,0.25,0.30277,0.11952,2.91404,3.16588,3.08833,0.0008912,0.0008912,0.0008912
30,92.2864,1.5057,2.02963,1.65556,0.48465,0.25,0.30277,0.11952,2.91404,3.16588,3.08833,0.0008516,0.0008516,0.0008516
31,95.4568,1.5212,2.25792,1.65758,0.48465,0.25,0.30277,0.11952,2.91404,3.16588,3.08833,0.000812,0.000812,0.000812
32,98.6786,1.65574,2.17302,1.70192,0.48465,0.25,0.30277,0.11952,2.91404,3.16588,3.08833,0.0007724,0.0007724,0.0007724
33,101.977,1.62249,2.58136,1.77033,0.46054,0.25,0.2951,0.09225,2.81112,2.50853,2.85642,0.0007328,0.0007328,0.0007328
34,105.136,1.52654,2.39008,1.7168,0.46054,0.25,0.2951,0.09225,2.81112,2.50853,2.85642,0.0006932,0.0006932,0.0006932
35,108.332,1.30656,1.8351,1.49612,0.46054,0.25,0.2951,0.09225,2.81112,2.50853,2.85642,0.0006536,0.0006536,0.0006536
36,111.501,1.52016,2.27659,1.72484,0.46054,0.25,0.2951,0.09225,2.81112,2.50853,2.85642,0.000614,0.000614,0.000614
37,114.679,1.48696,2.06034,1.61269,0.46054,0.25,0.2951,0.09225,2.81112,2.50853,2.85642,0.0005744,0.0005744,0.0005744
38,117.92,1.33905,2.15224,1.56297,0.38972,0.75,0.35901,0.13834,2.23089,2.51113,2.37522,0.0005348,0.0005348,0.0005348
39,121.165,1.2062,2.03202,1.44854,0.38972,0.75,0.35901,0.13834,2.23089,2.51113,2.37522,0.0004952,0.0004952,0.0004952
40,124.322,1.27828,2.09004,1.43527,0.38972,0.75,0.35901,0.13834,2.23089,2.51113,2.37522,0.0004556,0.0004556,0.0004556
41,127.487,1.44176,2.68942,1.70318,0.38972,0.75,0.35901,0.13834,2.23089,2.51113,2.37522,0.000416,0.000416,0.000416
42,130.744,1.14772,2.58198,1.22504,0.38972,0.75,0.35901,0.13834,2.23089,2.51113,2.37522,0.0003764,0.0003764,0.0003764
43,134.029,1.31899,2.44394,1.57529,0.48453,0.71132,0.4125,0.15392,1.9634,2.32685,2.07072,0.0003368,0.0003368,0.0003368
44,137.201,1.28245,2.36711,1.54903,0.48453,0.71132,0.4125,0.15392,1.9634,2.32685,2.07072,0.0002972,0.0002972,0.0002972
45,140.352,1.25138,2.66538,1.59304,0.48453,0.71132,0.4125,0.15392,1.9634,2.32685,2.07072,0.0002576,0.0002576,0.0002576
46,143.486,1.47481,2.72355,1.71952,0.48453,0.71132,0.4125,0.15392,1.9634,2.32685,2.07072,0.000218,0.000218,0.000218
47,146.651,1.30423,2.56933,1.56579,0.34263,0.5,0.38768,0.14818,1.84225,2.21359,2.00491,0.0001784,0.0001784,0.0001784
48,149.942,1.21522,2.47674,1.57245,0.34263,0.5,0.38768,0.14818,1.84225,2.21359,2.00491,0.0001388,0.0001388,0.0001388
49,153.173,1.26739,2.2926,1.54731,0.34263,0.5,0.38768,0.14818,1.84225,2.21359,2.00491,9.92e-05,9.92e-05,9.92e-05
50,156.373,1.27825,2.31177,1.48988,0.34263,0.5,0.38768,0.14818,1.84225,2.21359,2.00491,5.96e-05,5.96e-05,5.96e-05
